<Configuration>
    <Add OfficeClientEdition="64" Channel="PerpetualVL2024">
    <Product ID="ProPlus2024Volume">
      <Language ID="en-us" />
  <Language ID="en-us" />
      <ExcludeApp ID="Access" />
      <ExcludeApp ID="Groove" />
      <ExcludeApp ID="Lync" />
      <ExcludeApp ID="OneDrive" />
      <ExcludeApp ID="OneNote" />
      <ExcludeApp ID="Outlook" />
      <ExcludeApp ID="PowerPoint" />
      <ExcludeApp ID="Publisher" />
    </Product>
  </Add>
<Property Name="AUTOACTIVATE" Value="0" />
  <Updates Enabled="TRUE" Channel="Current" /> 
  <RemoveMSI />
</Configuration>
